,ids,text,times,screen_names,names,hashtag1,hashtag2,hashtag3,url1,url2,url3,in reply to screen name,in reply to user id,in reply to status id,statuses count,friends count,followers count,lang of the account,location of the account
0,874686185381085184,"Soir√©e VIP du salon des entrepreneurs 
#velvetprairie #sde2017 #entrepreneur #lyon #creer‚Ä¶ https://t.co/zUO3rQFMJk",Tue Jun 13 17:53:32 +0000 2017,VelvetPrairie,Velvet Prairie,velvetprairie,sde2017,entrepreneur,https://www.instagram.com/p/BVSfFmahdS8/,,,,,,60,67,12,fr,Lyon
1,874686187595853824,RT @leprogreslyon: Un #gofast intercept√© pr√®s de #Lyon 500 kg de #cannabis saisis https://t.co/2igdejW4ys https://t.co/0QdDoWRNpp,Tue Jun 13 17:53:32 +0000 2017,lacancalaise,lacancalaise,gofast,Lyon,cannabis,http://c.leprogres.fr/rhone/2017/06/13/un-go-fast-intercepte-pres-de-lyon-500-kg-de-cannabis-saisis,,,,,,30987,1182,832,fr,A (la) me(√®)r(e)
2,874686242880970754,RT @saladelyonnaise: L√©gislatives : ces candidats macronistes qui refusent de d√©battre √† #Lyon et dans le Rh√¥ne https://t.co/a05IxSvaS3‚Ä¶ ,Tue Jun 13 17:53:45 +0000 2017,LaurentAspis,Laurent Aspis,Lyon,,,https://saladelyonnaise.com/article/legislatives-macronistes-refusent-de-debattre,,,,,,45965,831,963,fr,entre Nancy et Lyon
3,874686258454331393,"RT @DamienLGphoto: üì∑

üìç@ParcOL 

Retour sur la venue de @coldplay au Parc OLYMPIQUE LYONNAIS

#Coldplay #Lyon #ParcOL https://t.co/RGmyqUpg‚Ä¶",Tue Jun 13 17:53:49 +0000 2017,Badgone82,chris69,Coldplay,Lyon,ParcOL,,,,,,,67139,264,738,fr,
4,874686265018417152,Comment Lyon invente la ville du futur https://t.co/cuNbLPvgyC,Tue Jun 13 17:53:51 +0000 2017,BussardDaniel,Un Citoyen En Marche,,,,http://www.capital.fr/economie-politique/comment-lyon-invente-la-ville-du-futur-1232177,,,,,,7267,3048,2240,fr,√éle-de-France
5,874686279178387460,"RT @berth_antoine: Expulsion en cours du @bastion_social √† Lyon, b√¢timent abandonn√© transform√© en centre social populaire.

https://t.co/9Z‚Ä¶",Tue Jun 13 17:53:54 +0000 2017,ChBouchet,Christian Bouchet,,,,,,,,,,15512,780,2425,fr,
6,874686294647070722,@hitlergazmoi @Yanisslebg @DEITYCHAE Lyon Marseille c √† c√¥t√©,Tue Jun 13 17:53:58 +0000 2017,Yanisslebg,L'unique Yaniss,,,,,,,hitlergazmoi,763698917087318016,874686160634884098,17733,498,374,fr,"Marseille, Provence-Alpes-C√¥te"
7,874686385684459526,"RT @MonsieurUnited: Vous vous souvenez quand on a tous ri lorsque St√©phane Guy avait dit: ""Il manque un Tolisso dans le milieu du Bayer‚Ä¶ ",Tue Jun 13 17:54:19 +0000 2017,AliSomaalieen,Mike,,,,,,,,,,19627,636,288,fr,Bruxelles
8,874686393947226113,@Asso_SaDur @RERD_SNCF Paris Lyon 19h00 Montgeron 19h45 suite suppression d'un ZICO. Merci de me d√©compter des stats de voyageurs √† l'heure.,Tue Jun 13 17:54:21 +0000 2017,t_n_a_r_o_l,T Narol,,,,,,,Asso_SaDur,410564078,,66,23,6,fr,
9,874686411852697600,"J'aime une vid√©o @YouTube¬†: ""Appartement T2 40m2 Lyon 1er"" √† l'adresse https://t.co/7LwO6BNr1J.",Tue Jun 13 17:54:26 +0000 2017,t_balsamo,Tony Balsamo,,,,http://youtu.be/qYw_EpNhUFs?a,,,,,,59,6,6,fr,
10,874686419729514496,RT @EnMarcheLyon: Que les choses soient dites : nous ne rejetons pas le d√©bat. Preuve : @BrunoBonnellOff est dans quelques minutes su‚Ä¶ ,Tue Jun 13 17:54:28 +0000 2017,jcn95290,jcn95290,,,,,,,,,,13453,2306,637,fr,95290
11,874686446002741251,RT @116000FRANCE: Sofia a disparu depuis le mardi 6 juin. Elle a √©t√© vue pour la derni√®re fois rue Debourg √† Lyon #RetrouvonsLes‚Ä¶ ,Tue Jun 13 17:54:34 +0000 2017,ThierryRouby,thierry rouby,RetrouvonsLes,,,,,,,,,78679,562,809,fr,"Caen, Basse-Normandie"
12,874686474989555712,@PaulinoAt @peter_jak88 Lyon est sur chicharito depuis 2011,Tue Jun 13 17:54:41 +0000 2017,fablyon69330,fab lyon,,,,,,,PaulinoAt,3230570486,874681817214971906,4423,2155,372,fr,France
13,874686498309890049,RT @EnMarcheLyon: Que les choses soient dites : nous ne rejetons pas le d√©bat. Preuve : @BrunoBonnellOff est dans quelques minutes su‚Ä¶ ,Tue Jun 13 17:54:46 +0000 2017,MddHyvert,M. Deguay d'Hyvert,,,,,,,,,,15375,5001,946,fr,"Stockholm, Sweden"
14,874686557407588357,"RT @Sapphire_June: H√© les #lyonnaises, vous connaissez la boutique @BeEcocentric ? 
https://t.co/7Spj6NIrHT",Tue Jun 13 17:55:00 +0000 2017,Sapphire_June,Sofia ‚ô°,lyonnaises,,,http://sapphirejune.blogspot.fr/2017/06/ecocentric-boutique-bio-naturelle-lyon.html,,,,,,4199,96,375,fr,Lyon - France
15,874686571307569152,"@LOSC_addict Pour remplacer Eder 
Je prends maintenant attention √† Lyon",Tue Jun 13 17:55:04 +0000 2017,magicmanu7,emmanuel leblanc,,,,,,,LOSC_addict,827526090398769153,874671534593515523,271,189,12,fr,lille
16,874686593461833729,"RT @Creer_a_Lyon: Retrouvez l'interview de Morgan Schleidt, PDG @UrbeeSystem et L√©thicia Rancurel, Directrice @tuba_lyon au #SDE2017
https:‚Ä¶",Tue Jun 13 17:55:09 +0000 2017,3pointQUATORZE,TROIS(point)QUATORZE,SDE2017,,,,,,,,,5351,438,306,fr,Lyon
17,874686614718513152,"""La R√©publique, c'est l'amour de tous les peuples, √† l'exception du peuple fran√ßais."" Charles Maurras https://t.co/yqBDupgITG",Tue Jun 13 17:55:14 +0000 2017,actionfrancaise,Action Fran√ßaise,,,,https://twitter.com/berth_antoine/status/874643592337379328,,,,,,9307,33,7865,fr,75001 Paris
18,874686660444909568,"Virginie Despentes √† Lyon pour le dernier tome de ""Vernon Subutex"" https://t.co/p5MpqLMKgY",Tue Jun 13 17:55:25 +0000 2017,aquilantum,aquilantum,,,,http://www.heteroclite.org/2017/06/virginie-despentes-vernon-subutex-43507,,,,,,588,29,25,fr,"Lyon, France "
19,874686661464129537,Mais alors @GillesFavard ? https://t.co/9B6nOpOpCL,Tue Jun 13 17:55:25 +0000 2017,gilmon8,gilmon,,,,https://twitter.com/omisapro/status/874666172662337537,,,,,,22403,218,161,fr,
20,874686667621269504,RT @TWITT_ASS: @PierreMenes @DanielRiolo  Reste seulement Lyon dans le top 8 a avoir un coach en bois... Incroyable @JM_Aulas,Tue Jun 13 17:55:27 +0000 2017,Barcelyonnais35,Un gone,,,,,,,,,,26392,547,567,fr,
21,874686685967155200,#NouvelleCaledonie Chazal se qualifie pour le Challenger de Lyon https://t.co/tSkDU0C5eq,Tue Jun 13 17:55:31 +0000 2017,lncnc_all,LNC.nc √† la Une,NouvelleCaledonie,,,http://ift.tt/2sYAVt1,,,,,,9000,3,485,fr,Nouvelle-Cal√©donie
22,874686690585174016,Lyon: 500 kg de cannabis saisis lors d‚Äôun ¬´go fast¬ª ‚Äì¬†20minutes.fr https://t.co/2QrCkpPNTU,Tue Jun 13 17:55:32 +0000 2017,fr_actualite,France actualit√©,,,,https://www.franceactualite.fr/lyon/lyon-500-kg-de-cannabis-saisis-lors-dun-go-fast-20minutes-fr/,,,,,,246902,16,908,fr,France
23,874686698596298752,"RT @actionfrancaise: ""La R√©publique, c'est l'amour de tous les peuples, √† l'exception du peuple fran√ßais."" Charles Maurras https://t.co/yqB‚Ä¶",Tue Jun 13 17:55:34 +0000 2017,Guyotville1962,Pepe Guyotville,,,,,,,,,,5045,104,48,fr,Risitas/Chancla/Issou
24,874686706968080386,"Soiree de gala Onlylight √† l'h√¥tel de ville de Lyon, pr√©lude au nouveau salon des usages de la lumi√®re qui sera ina‚Ä¶ https://t.co/0VndirboXH",Tue Jun 13 17:55:36 +0000 2017,NBonnetLyon,Bonnet,,,,https://twitter.com/i/web/status/874686706968080386,,,,,,5,15,5,fr,
25,874686733459312642,"RT @actionfrancaise: ""La R√©publique, c'est l'amour de tous les peuples, √† l'exception du peuple fran√ßais."" Charles Maurras https://t.co/yqB‚Ä¶",Tue Jun 13 17:55:42 +0000 2017,CourteheuseR,coŸÜ—èteheŸÜse,,,,,,,,,,55059,1267,1933,fr,
26,874686765994561536,@redha_crabzy Ca se fera pas zinc bassem il a interdit giroud de lyon,Tue Jun 13 17:55:50 +0000 2017,gaetanbln51,O'YEBI,,,,,,,redha_crabzy,2924433878,874663585494044673,6990,92,178,fr,"Reims, VLF"
27,874686768620154880,"RT @ArianaGrande: Merci, Lyon ‚ô° https://t.co/CfCgkR0sjM",Tue Jun 13 17:55:51 +0000 2017,maayhsilva02,mayh,,,,https://www.instagram.com/p/BVIseEUlB2X/,,,,,,1335,966,426,pt,"Ontario, CA üõ©"
28,874686826258341889,"Gay s√©n√©galais pour gay actif sur Lyon S√©n√©galais et gay √¢g√© de 33 ans, je suis un passif qui ai https://t.co/uaURmgzYKA #rencontreblackgay",Tue Jun 13 17:56:04 +0000 2017,rencontresgay,Rencontre Gay,rencontreblackgay,,,http://www.rencontreblackgay.com/?p=94,,,,,,47247,85,1512,fr,
29,874686835351486464,RT @rosesbloomforU: Vs connaissez des √©tudiant.e.s en licence de psychologie √† Lyon 2 ??,Tue Jun 13 17:56:07 +0000 2017,FlcmRomeo,kiddy,,,,,,,,,,37098,153,146,fr,Redondo Beach
30,874686879685390336,"RT @chat_lena: Bouteille √† la mer ?
J‚Äôai trouv√© √ßa √† Gare de Lyon (d√©so pour la qualit√©), si jamais sÍúµn propri√©taire tombe sur ce‚Ä¶ ",Tue Jun 13 17:56:17 +0000 2017,MasterofPoupets,Oleander,,,,,,,,,,16969,163,90,fr,
31,874686965186211840,RT @lvergnat: Beaucoup de monde au @SDEntrepreneurs de #Lyon aujourd'hui. Place to be pour d√©velopper son projet de #Startup et d‚Ä¶ ,Tue Jun 13 17:56:38 +0000 2017,3pointQUATORZE,TROIS(point)QUATORZE,Lyon,Startup,,,,,,,,5352,438,306,fr,Lyon
32,874687005904564225,"RT @berth_antoine: Expulsion en cours du @bastion_social √† Lyon, b√¢timent abandonn√© transform√© en centre social populaire.

https://t.co/9Z‚Ä¶",Tue Jun 13 17:56:47 +0000 2017,Pascal_Girardin,Pascal Girardin,,,,,,,,,,157319,3303,1974,fr,France 
33,874687007078977541,RT @Lilii_June: @VirginRadiofr @CanonFrance Il y a quelques jours √† Lyon au concert de @coldplay ‚ù§Ô∏è the best band ever üòç #CanonEOSM6 https:‚Ä¶,Tue Jun 13 17:56:48 +0000 2017,VirginRadiofr,VirginRadio Officiel,CanonEOSM6,,,,,,,,,66590,1001,161836,fr,France
34,874687015341740033,"RT @WYN_OL: Lyon officialise le transfert de Valbuena √† Fenerbah√ße pour 1,5 millions d'euros https://t.co/7oBfu5bfjj https://t.co/ksqX7g3yPn",Tue Jun 13 17:56:50 +0000 2017,Riyuzaki__,„äôÔ∏èüà≤,,,,http://www.wynfoot.fr/actualites/categorie/ol/165682177?t=lyon_officialise_le_transfert_de_valbuena_a_fenerbahce_pour_15_millions_deuros,,,,,,48047,283,608,fr,Plan√®te Vegeta
35,874687086217101312,RT @lvergnat: Beaucoup de monde au @SDEntrepreneurs de #Lyon aujourd'hui. Place to be pour d√©velopper son projet de #Startup et d‚Ä¶ ,Tue Jun 13 17:57:06 +0000 2017,NiroAmandine,Niro,Lyon,Startup,,,,,,,,1741,8021,7800,fr,"La Rochelle, France"
36,874687110753681409,"RT @ArianaGrande: ‚ô° @ Lyon, France https://t.co/UOiYm25RZl",Tue Jun 13 17:57:12 +0000 2017,Teuumy,Thomas Coulin,,,,https://www.instagram.com/p/BVLe4YplCA4/,,,,,,2,14,1,fr,
37,874687168161173504,@onlylight soir√©e de gala √† l'h√¥tel de ville de Lyon avec les acteurs de la #lumiere @AFEGrandParis @Clusterlumiere https://t.co/E2lr5hACRC,Tue Jun 13 17:57:26 +0000 2017,AFEGrandParis,AFE Grand Paris Idf,lumiere,,,,,,onlylight,47827679,,260,87,136,fr,
38,874687172695216129,RT @JHONRACHID: Retour au quartier ‚ù§Ô∏èLYON #69latrick #barbeukduramadan #lasource https://t.co/Mnb42DHyLR,Tue Jun 13 17:57:27 +0000 2017,Majin_Batard,Batard No Jutsu,69latrick,barbeukduramadan,lasource,,,,,,,352,227,17,fr,Plan√®te Namek
39,874687211593240577,RT @pictanews: #Lyon : L'h√¥tel Dieu de l'int√©rieur https://t.co/DiYVxzdbaJ (@F3Rhone_Alpes) #culture #lyon #rh√¥ne,Tue Jun 13 17:57:36 +0000 2017,FavierGislaine,Gislaine Favier,Lyon,culture,lyon,http://picta.fr/u/381u,,,,,,4452,607,113,fr,Lyon
40,874687234548662272,"@itsLittleAna 
Lyon
stream
trop jolie
en vacances au soleil T.T
sport",Tue Jun 13 17:57:42 +0000 2017,Blond1i,Din,,,,,,,Blond1i,4889257000,874686875855933440,5063,200,368,en,Lyon
41,874687247681040384,RT @Lilii_June: @VirginRadiofr @CanonFrance Il y a quelques jours √† Lyon au concert de @coldplay ‚ù§Ô∏è the best band ever üòç #CanonEOSM6 https:‚Ä¶,Tue Jun 13 17:57:45 +0000 2017,MindsLOFT,Adrien ‚û∞,CanonEOSM6,,,,,,,,,92177,505,1580,fr,Belgium
42,874687273169715200,"A Lyon, le GUD expuls√© de son squat https://t.co/Ecg4PStTYu via @libe",Tue Jun 13 17:57:51 +0000 2017,MAPierrefond,marc#üá´üá∑üôã‚Äç‚ôÇÔ∏èüíØ,,,,http://www.liberation.fr/france/2017/06/13/a-lyon-le-gud-expulse-de-son-squat_1576556,,,,,,42375,28,687,fr,France 
43,874687273618612224,"Je serai samedi √† #Lyon aux c√¥t√©s de @LGPLyon ! Un seul mot d'ordre : ¬´ Ici et ailleurs, nos droits ne sont pas n√©g‚Ä¶ https://t.co/Rr29qPL8sG",Tue Jun 13 17:57:51 +0000 2017,FlorianVOff,Florian V. üá´üá∑,Lyon,,,https://twitter.com/i/web/status/874687273618612224,,,,,,10251,499,1265,fr,Paris 
44,874687276495908865,Imagine un jour tu te reveille et tu supporte Lyon,Tue Jun 13 17:57:52 +0000 2017,InesBleuBlanc,In√®s ‚ìÇ,,,,,,,,,,22628,762,1144,fr,
45,874687282845855744,RT @lyoncap: Lyon : le Gud expuls√© de son squat par le tribunal d‚Äôinstance https://t.co/XMg4WyoxrY #Lyon #actu https://t.co/bq0N4JHiIt,Tue Jun 13 17:57:53 +0000 2017,gyrovaguerie,RenewSense8,Lyon,actu,,http://dlvr.it/PLyb55,,,,,,67,89,18,fr,
46,874687296561442816,"@Kantique_ @Melanie__dx j'ai √©t√© chez eux l'ann√©e derni√®re, excellent dossier terminale + bon classement en premi√®r‚Ä¶ https://t.co/UmnFo9mEGE",Tue Jun 13 17:57:57 +0000 2017,Pouknouki,Kowal!* œÜ,,,,https://twitter.com/i/web/status/874687296561442816,,,Kantique_,4450456671,874621010783424512,20160,643,219,fr,Clermont City Beach
47,874687331030249473,Rh√¥ne : 500 kg de cannabis dans un ¬´go fast¬ª intercept√© pr√®s de Lyon https://t.co/3SktI8MZ64,Tue Jun 13 17:58:05 +0000 2017,le_Parisien,Le Parisien,,,,http://l.leparisien.fr/bM6j-pyd6,,,,,,199443,938,1882141,fr,
48,874687333458739202,RT @ArcadianTeam: Petit souvenir du concert @RadioSCOOPOff √† la Part dieu √† Lyon le 22 mai 2017 ! C'√©tait encore la FOLIE gr√¢ce √†‚Ä¶ ,Tue Jun 13 17:58:05 +0000 2017,voiceofyo,Ya√´lle,,,,,,,,,,1042,89,91,fr,"Angers, FR"
49,874687361820631044,lyon https://t.co/bpG80pGIie,Tue Jun 13 17:58:12 +0000 2017,VhnGaetane,g√¶‚ö°Ô∏è,,,,https://twitter.com/jemenblcouy/status/873999463823675394,,,,,,3860,390,318,fr,
50,874687371668795397,"J'arrive pas √† √©couter les chansons d'Ariana c'est horrible, elle m√©rites beaucoup plus que le public qu'elle a eu √† Lyon ptn...",Tue Jun 13 17:58:14 +0000 2017,ValmaIsBae,"Ariana, marry me üëÄ",,,,,,,,,,9017,670,301,fr,France
51,874687400156508160,RT @AlerteAnimaux: #Trouv√©: #Chat gris √† lyon (69)  https://t.co/H8Y4nE0kEG https://t.co/YtZSbloGD4,Tue Jun 13 17:58:21 +0000 2017,cerisesud,I,Trouv√©,Chat,,"http://www.alerte-animaux-perdus.fr/trouve-chat-lyon,38133.php",,,,,,10294,1035,301,fr,
52,874687426282893317,Anniversaire de la ligne de @AirCanada au pavillon @OnlyLyon : bonne f√™te et longue vie √† la ligne directe Montr√©al‚Ä¶ https://t.co/P21FQXe94h,Tue Jun 13 17:58:27 +0000 2017,Centre_JCartier,CJC,,,,https://twitter.com/i/web/status/874687426282893317,,,,,,2147,1297,968,fr,"Lyon, Rh√¥ne-Alpes"
53,874687436357607424,g tellement h√¢te de vivre √† Lyon,Tue Jun 13 17:58:30 +0000 2017,marynelndll,‚Ñ≥…ër,,,,,,,,,,43176,895,788,fr,"Caen, France"
54,874687454510534656,"Nous le 3√®me,  Ah oui c'est on a pas d'argent ! https://t.co/NPCt3Wzll6",Tue Jun 13 17:58:34 +0000 2017,ARN_GIRONDINS,BareaTV üî•üî•,,,,https://twitter.com/VicAouar/status/874624212962508800,,,,,,890,1014,121,fr,"Bordeaux, France"
55,874687466162319360,"RT @FlorianVOff: Je serai samedi √† #Lyon aux c√¥t√©s de @LGPLyon ! Un seul mot d'ordre : ¬´ Ici et ailleurs, nos droits ne sont pas n√©g‚Ä¶ ",Tue Jun 13 17:58:37 +0000 2017,LGPLyon,LGP Lyon,Lyon,,,,,,,,,2026,740,1254,fr,Lyon
56,874687482432016384,"RT @actionfrancaise: ""La R√©publique, c'est l'amour de tous les peuples, √† l'exception du peuple fran√ßais."" Charles Maurras https://t.co/yqB‚Ä¶",Tue Jun 13 17:58:41 +0000 2017,NicolasMiguet,Nicolas Miguet,,,,,,,,,,57140,723,54108,fr,
57,874687489025429504,"RT @Footballogue: [#TransfertüîÑ] BREAKING !

Selon @tancredipalmeri, le Bayern Munich a trouv√© un accord avec Lyon pour Corentin Tolis‚Ä¶ ",Tue Jun 13 17:58:42 +0000 2017,Guilaume_,Al Pacino,Transfert,,,,,,,,,32957,62,307,fr,Meythet-Zoo
58,874687509439107072,RT @le_Parisien: Rh√¥ne : 500 kg de cannabis dans un ¬´go fast¬ª intercept√© pr√®s de Lyon https://t.co/3SktI8MZ64,Tue Jun 13 17:58:47 +0000 2017,SebyPitek,S√©by Pit√®k,,,,http://l.leparisien.fr/bM6j-pyd6,,,,,,39478,1351,551,fr,
59,874687518809174016,Belle prise Didier https://t.co/zywFv4BKwM,Tue Jun 13 17:58:50 +0000 2017,Paariis92,NANTERRE,,,,https://twitter.com/le_Parisien/status/874687331030249473,,,,,,1632,1259,1256,fr,"Nanterre, France"
60,874687554469154816,"RT @Lio_38: La CC7107 et un TGV Lyria...
Pass√© et pr√©sent sous l'architecture de Paris Gare de Lyon. #BattlePhoto üì∑ .
#TeamSNCF‚Ä¶ ",Tue Jun 13 17:58:58 +0000 2017,DBXIII,Bruno,BattlePhoto,TeamSNCF,,,,,,,,18019,1347,833,fr,Occitanie
61,874687570638233601,"RT @berth_antoine: Expulsion en cours du @bastion_social √† Lyon, b√¢timent abandonn√© transform√© en centre social populaire.

https://t.co/9Z‚Ä¶",Tue Jun 13 17:59:02 +0000 2017,actionfrancaise,Action Fran√ßaise,,,,,,,,,,9313,33,7865,fr,75001 Paris
62,874687587876818944,"RT @lemondefr: #BD üí¨ ¬´¬†Les Rues de Lyon¬†¬ª, mensuel de bande dessin√©e en circuit court https://t.co/EtXpeXftiY par @FredPotet",Tue Jun 13 17:59:06 +0000 2017,Le_Lyonniste,Fighting Spirit üî¥üîµ,BD,,,http://lemde.fr/2s5yJ2Z,,,,,,28661,247,364,fr,"Lyon, France"
63,874687651869229056,RT @le_Parisien: Rh√¥ne : 500 kg de cannabis dans un ¬´go fast¬ª intercept√© pr√®s de Lyon https://t.co/3SktI8MZ64,Tue Jun 13 17:59:21 +0000 2017,Moritz241987,Moritz Erb,,,,http://l.leparisien.fr/bM6j-pyd6,,,,,,23731,442,229,de,"M√ºnchen, Bayern"
64,874687676607336448,"RT @actionfrancaise: ""La R√©publique, c'est l'amour de tous les peuples, √† l'exception du peuple fran√ßais."" Charles Maurras https://t.co/yqB‚Ä¶",Tue Jun 13 17:59:27 +0000 2017,TizefLeRouge,Tizef le Rouge,,,,,,,,,,713,136,33,fr,
65,874687687537696769,"Qd j'y pense,antoine part √† Lyon l'ann√©e pro ca veut dire que je le verrais vraiment pas souvent,y aura un vide dans ma vie",Tue Jun 13 17:59:30 +0000 2017,eliska_bct,eli≈°ka üå∫,,,,,,,,,,10435,1398,989,fr,"Prague, R√©publique Tch√®que"
66,874687691379572736,Tellement h√¢te de partir √† Lyon √† la rentr√©e parce que jpp,Tue Jun 13 17:59:31 +0000 2017,JeanneBertolini,Jeanne Brl,,,,,,,,,,3085,59,90,fr,"Bourg-en-Bresse, Rh√¥ne-Alpes"
67,874687712061685760,RT @le_Parisien: Rh√¥ne : 500 kg de cannabis dans un ¬´go fast¬ª intercept√© pr√®s de Lyon https://t.co/3SktI8MZ64,Tue Jun 13 17:59:36 +0000 2017,Apacheledauphin,leDauphin,,,,http://l.leparisien.fr/bM6j-pyd6,,,,,,9455,478,78,fr,Versailles
68,874687722522279938,"A Lyon, le GUD expuls√© de son squat https://t.co/TsdWblCS0X",Tue Jun 13 17:59:38 +0000 2017,MarieMarysienka,Marysie≈Ñka,,,,http://www.liberation.fr/france/2017/06/13/a-lyon-le-gud-expulse-de-son-squat_1576556?xtor=rss-450,,,,,,115261,1161,2564,fr,
69,874687740650061824,"RT @Footballogue: [#TransfertüîÑ] BREAKING !

Selon @tancredipalmeri, le Bayern Munich a trouv√© un accord avec Lyon pour Corentin Tolis‚Ä¶ ",Tue Jun 13 17:59:42 +0000 2017,Antho_eag,Anthony Le Cabec EAG,Transfert,,,,,,,,,3602,277,97,fr,"Plestin-les-Gr√®ves, France"
70,874687750754246656,"RT @Creer_a_Lyon: Frederic COFFY du Reseau Entreprendre Rh√¥ne Alpes @RE_Rhone en direct du #SDE2017 
https://t.co/wB4E75ILHF",Tue Jun 13 17:59:45 +0000 2017,3pointQUATORZE,TROIS(point)QUATORZE,SDE2017,,,http://www.salondesentrepreneurs.com/lyon/podcasts/frederic-coffy-2261,,,,,,5356,439,306,fr,Lyon
71,874687755271450624,@OneForOverhaul @hyuuuga_ J'ai des contacts √† Lyon üìû‚úâüì®üì©,Tue Jun 13 17:59:46 +0000 2017,Chakalinho,Daffy Duckinho,,,,,,,OneForOverhaul,786875139954733056,874685942799454208,35006,209,1798,fr,
72,874687767313346560,il faut assumer ses engagements !! https://t.co/LwldDErBOu,Tue Jun 13 17:59:49 +0000 2017,Citoyenpourlyon,Lyon Citoyenne,,,,https://twitter.com/saladelyonnaise/status/874683806413975552,,,,,,2118,365,155,fr,"Lyon, France"
73,874687814486589440,Je vous donne rendez-vous demain toute la journ√©e (et d√®s 9h) au #SDE2017 #Lyon,Tue Jun 13 18:00:00 +0000 2017,agrclement,Clement AUGER,SDE2017,Lyon,,,,,,,,1496,746,514,fr,Lyon 
74,874687820505518080,RT @tvlofficiel: La police a l'ordre d'√©vacuer le Bastion Social √† Lyon ..Les d√©cisions sont-elles plus longues pour les Migrants ? https:/‚Ä¶,Tue Jun 13 18:00:01 +0000 2017,parismax2,rivera maxime,,,,,,,,,,19178,481,246,fr,"Ile-de-France, France"
75,874687939120427008,RT @julien_mgrt: la drogue est pure https://t.co/fpP2eAWIPG,Tue Jun 13 18:00:30 +0000 2017,MannyMODESTO,Manny Modesto,,,,https://twitter.com/wyn_ol/status/874591114157805568,,,,,,8955,2261,375,fr,Marseille
76,874687943398621185,Vous coutez bocoup les freres Nicolas @PoliceNationale https://t.co/gtTGSvXXbL,Tue Jun 13 18:00:31 +0000 2017,Apacheledauphin,leDauphin,,,,https://twitter.com/le_Parisien/status/874687331030249473,,,,,,9455,478,78,fr,Versailles
77,874687974193197057,@peter_jak88 @PaulinoAt La sardine a pas compris si lyon et Marseille son sur les meme joueur c'est qui on le m√™me budget de transfert...,Tue Jun 13 18:00:38 +0000 2017,fablyon69330,fab lyon,,,,,,,peter_jak88,2788064886,874687626195984386,4424,2155,372,fr,France
78,874687979285041152,"RT @actionfrancaise: ""La R√©publique, c'est l'amour de tous les peuples, √† l'exception du peuple fran√ßais."" Charles Maurras https://t.co/yqB‚Ä¶",Tue Jun 13 18:00:39 +0000 2017,acturoyalisme,Actu du Royalisme,,,,,,,,,,3252,11,163,fr,
79,874687983051575301,RT @Centre_JCartier: Anniversaire de la ligne de @AirCanada au pavillon @OnlyLyon : bonne f√™te et longue vie √† la ligne directe Montr√©al‚Ä¶ ,Tue Jun 13 18:00:40 +0000 2017,Quebec_FR,Qu√©bec en France,,,,,,,,,,10619,2022,7713,fr,"Paris, France"
80,874687983378714626,RT @le_Parisien: Rh√¥ne : 500 kg de cannabis dans un ¬´go fast¬ª intercept√© pr√®s de Lyon https://t.co/3SktI8MZ64,Tue Jun 13 18:00:40 +0000 2017,Barjolle85,Elisa,,,,http://l.leparisien.fr/bM6j-pyd6,,,,,,18096,479,539,fr,France
81,874687991842832384,#lyon #france Visite express √† Lyon juste avant l'Italie et nous avons enfin pu explorer √† pied‚Ä¶ https://t.co/GPrccSDXVF,Tue Jun 13 18:00:42 +0000 2017,PepitesDuVoyage,Camille S.,lyon,france,,https://www.instagram.com/p/BVSf6LGDt6o/,,,,,,1092,321,245,fr,on the road again...
82,874687999208042496,RT @JohnGoodDindon: √Ä ce stade les pouvoirs publics valident le fait que le vieux Lyon est sous contr√¥le des milices fascistes‚Ä¶ ,Tue Jun 13 18:00:44 +0000 2017,oslaracotta,Osla üåô,,,,,,,,,,7510,444,75,fr,
83,874688003716915202,Pr√©paratif du SO digital @opensoprasteria en direct du tennis Club de Lyon @TLMLyon https://t.co/PAqwZzGh5X,Tue Jun 13 18:00:45 +0000 2017,CBoerstraTLM,Catherine Boerstra,,,,,,,,,,311,56,60,fr,Lyon
84,874688017054801922,RT @cmoreldarleux: Tr√®s heureuse de voir les convergences se recr√©er naturellement au 2nd tour √† Lyon : soutien total @ElliottAubin‚Ä¶ ,Tue Jun 13 18:00:48 +0000 2017,smj1er,SMJ,,,,,,,,,,30653,450,376,fr,sur terre 
85,874688054577033216,"#unjobpourHamon 
Hey @benoithamon : une id√©e de nouveau job ? rempla√ßant de Valbuena √† Lyon !",Tue Jun 13 18:00:57 +0000 2017,sylvainst_pr,sylvainst-pr,unjobpourHamon,,,,,,,,,650,217,110,fr,
86,874688061384392704,"La temp√©rature par @FaIiven :

23¬∞C √† Paris
26¬∞C √† Lyon
27¬∞C √† Marseille
27¬∞C √† Bordeaux
20¬∞C",Tue Jun 13 18:00:59 +0000 2017,KhwandjMeteo,Khwandj M√©t√©o,,,,,,,,,,50810,1,6,fr,
87,874688064060346368,"23¬∞C in Paris
26¬∞C in Lyon
27¬∞C in Marseille
27¬∞C in Bordeaux",Tue Jun 13 18:01:00 +0000 2017,coursegod,course,,,,,,,,,,64898,2478,996,en,there
88,874688099791581185,@EssaoSoumaia @Amxndiiine Pareil pour moi je voudrais trop aller √† Lyon pour le vr et puis vendredi aller √† Amnevil‚Ä¶ https://t.co/FwB803hj6z,Tue Jun 13 18:01:08 +0000 2017,jessnou31,Jessicaüòòüáßüá™,,,,https://twitter.com/i/web/status/874688099791581185,,,EssaoSoumaia,2940553253,874681913704943616,2533,1360,266,fr,
89,874688137099956226,"RT @actionfrancaise: ""La R√©publique, c'est l'amour de tous les peuples, √† l'exception du peuple fran√ßais."" Charles Maurras https://t.co/yqB‚Ä¶",Tue Jun 13 18:01:17 +0000 2017,_TheJack34,AbaslaRipoublix‚Ä†ŸÜ‚öú,,,,,,,,,,29106,1421,1487,fr,Montpellier
90,874688149875703808,#OL OL ‚Äì Mercato : Valbuena a vraiment √©t√© vendu au rabais (officiel) - https://t.co/eUWeRdbxuR #TeamOL https://t.co/bS7MByHgyA,Tue Jun 13 18:01:20 +0000 2017,FootLyon_com,Foot Lyon,OL,TeamOL,,https://www.foot-lyon.com/ol-mercato-valbuena-a-vraiment-ete-vendu-au-rabais-officiel/,,,,,,2417,18,22,fr,"Lyon, France"
91,874688169362509826,@EMalezas @MathieuVal8 Petit en taille mais grand dans l'esprit ! J'ai appris √† l'appr√©cier √† Lyon !,Tue Jun 13 18:01:25 +0000 2017,LucieBernardi,Princesse üë∏üèΩ,,,,,,,EMalezas,1155300690,874684802150133762,1133,203,139,fr,"Lyon, Rh√¥ne-Alpes"
92,874688177969213440,RT @ExtremeVeille: Squat du GUD √† Lyon : le Tribunal d'Instance ordonne l'expulsion - France 3 Auvergne-Rh√¥ne-Alpes https://t.co/UQcis4wJ9d,Tue Jun 13 18:01:27 +0000 2017,jeanlouisjourd1,Jourdan Marie-Ange,,,,http://fb.me/61GgRCL4A,,,,,,74822,1229,626,fr,
93,874688183140798464,"RT @actionfrancaise: ""La R√©publique, c'est l'amour de tous les peuples, √† l'exception du peuple fran√ßais."" Charles Maurras https://t.co/yqB‚Ä¶",Tue Jun 13 18:01:28 +0000 2017,Pelot_Dhennebon,Pelot Dhennebon,,,,,,,,,,6155,365,381,fr,
94,874688206918230016,"RT @lnstantFoot: OFFICIEL !

Le Fenerbah√ße annonce l'arriv√©e au club de Mathieu Valbuena. Lyon devrait empocher 3M‚Ç¨ minimum. https://t.co/V‚Ä¶",Tue Jun 13 18:01:34 +0000 2017,pkouakou1610,Philippe Kouakou,,,,,,,,,,11657,38,371,fr,
95,874688243278761984,"#sex elle, 20 ans - elle 20 ans Lyon https://t.co/9detnggbJt",Tue Jun 13 18:01:42 +0000 2017,sandylacoquine,Sandy la Coquine,sex,,,http://ow.ly/zQ6q50c8oHJ,,,,,,8996,1927,3089,fr,
96,874688367140720640,@virgilabloh @OffWht Lyon https://t.co/MtEhSXBbz1,Tue Jun 13 18:02:12 +0000 2017,ElcozyMarino,ElcozyAlex,,,,,,,virgilabloh,21845792,,70,64,39,fr,
97,874688410492993537,RT @saladelyonnaise: L√©gislatives : ces candidats macronistes qui refusent de d√©battre √† #Lyon et dans le Rh√¥ne https://t.co/a05IxSvaS3‚Ä¶ ,Tue Jun 13 18:02:22 +0000 2017,LaurePradelle,Laure Pradelle,Lyon,,,https://saladelyonnaise.com/article/legislatives-macronistes-refusent-de-debattre,,,,,,5694,202,79,fr,
98,874688411789078528,Les secrets de l‚Äô#arch√©ologie au #mus√©e gallo-romain #Lyon : 17-18 juin avec ateliers pour les #jeunes  https://t.co/mFh3fANbfT,Tue Jun 13 18:02:22 +0000 2017,CindyFeix,Cindy Feix,arch√©ologie,mus√©e,Lyon,http://www.met.grandlyon.com/les-secrets-de-larcheologie-au-musee-gallo-romain/,,,,,,12112,1115,1116,fr,Cognac 
99,874688446593478660,RT @actualite_lyon: La journ√©e des conseils syndicaux de Lyon aura lieu le 20 juin ‚Äì Lyon P√¥le Immo https://t.co/tuhY2vrsMl #Lyon,Tue Jun 13 18:02:31 +0000 2017,CRoume,Clo Roume,Lyon,,,http://ift.tt/2s5dPAS,,,,,,7887,576,581,fr,R√©gion Rh√¥ne Alpes
100,874688457364447232,31 a lyon pacotille,Tue Jun 13 18:02:33 +0000 2017,w0npile,you(=I),,,,,,,,,,53366,125,471,fr,
101,874688497222901761,"RT @FekirNabilon69: Selon @MattMargueritte,il y aurait aucun contact entre Lyon et Chicharito",Tue Jun 13 18:02:43 +0000 2017,camsnf,Cameron,,,,,,,,,,67536,120,634,fr,
102,874688516806119424,"Sur les quais de Sa√¥ne avant les vacances !
#Lyon https://t.co/RB51S2C6we",Tue Jun 13 18:02:47 +0000 2017,x_Nyto,Nyto,Lyon,,,,,,,,,198,67,54,fr,"Lyon, France"
103,874688547156099072,Dehors les fachos. https://t.co/oiwgFOqWJS,Tue Jun 13 18:02:55 +0000 2017,Sherimander,The Tiny Bearrister,,,,https://twitter.com/lyoncap/status/874622397453697025,,,,,,48760,466,717,fr,Arkham
104,874688560837926912,@Quentinrbd @ActuFoot_ @RMCsport jdis pas le contraire mais avoue que tu t'attendais √† mieux que germain non? Perso‚Ä¶ https://t.co/xj8JBaW4sR,Tue Jun 13 18:02:58 +0000 2017,OlymOL,Benze,,,,https://twitter.com/i/web/status/874688560837926912,,,Quentinrbd,512171493,874687372000206848,2210,27,55,fr,
105,874688561299288064,@TWD_N @Makzsimovic @TrickPaH10 @Tail53192382 @Chichapsg @ActuFoot_ Deschamps  il pr√©f√®re m√®tre son oncle en n9 que‚Ä¶ https://t.co/GReReDkPjR,Tue Jun 13 18:02:58 +0000 2017,bielsaaaaa1,bielsaaaaa,,,,https://twitter.com/i/web/status/874688561299288064,,,TWD_N,2741892635,874681877025738752,1739,99,67,fr,"Toulon, France"
106,874688575320858628,@Yannick_Kmbl Quel supporters ? Ou ca ? A lyon nonnnnn. Que des consanguins raciste sans cervelle,Tue Jun 13 18:03:01 +0000 2017,FariaPaolo,faria paolo,,,,,,,Yannick_Kmbl,262233064,874663052616118278,5254,158,40,en,"Nantes, Pays de la Loire"
107,874688586460917761,"On pensait technique √©vent√©e mais demande trop forte : ce soir parc public Paris 14eme, trois groupes font tourner‚Ä¶ https://t.co/mb2Sq5TxKz",Tue Jun 13 18:03:04 +0000 2017,alain_auge,Alain Aug√©,,,,https://twitter.com/i/web/status/874688586460917761,,,,,,26672,2595,730,fr,
108,874688614151712769,"@Zempeknio @RomainHaering Euh, oui, regarde les matchs de Lyon, toute la saison ils ont jou√© sur le c√¥t√© de Valbuen‚Ä¶ https://t.co/ZhlzePJiEp",Tue Jun 13 18:03:11 +0000 2017,ooeooeeooeooee,Pas ta pote,,,,https://twitter.com/i/web/status/874688614151712769,,,Zempeknio,821502136898977794,874685771688669184,277,24,20,fr,L'Equipe21
109,874688631587438592,@fablyon69330 @peter_jak88 D'accord MaIs ton premier tweet il disait justement que c'√©tait l'OM qui volait les id√©es de Lyon ü§∑‚Äç‚ôÇÔ∏è,Tue Jun 13 18:03:15 +0000 2017,PaulinoAt,That Name,,,,,,,fablyon69330,463307305,874687974193197057,7064,355,83,fr,
110,874688636939370496,Merci au @Clusterlumiere pour cette invitation de l'@LumiereACE au d√Æner de gala √† l'h√¥tel de ville de Lyon https://t.co/PCY6nSHDfh,Tue Jun 13 18:03:16 +0000 2017,SCastagne,Sara Castagn√©,,,,,,,,,,61,161,171,fr,"Bagneux, France"
111,874688665053745161,mdr vu le JT je suis bien contente de pas √™tre sous la chaleur √©touffante de Lyon,Tue Jun 13 18:03:23 +0000 2017,sheItercup,clowi,,,,,,,,,,10295,260,544,fr,Lyon/Reunion Island
112,874688686880935937,"RUBRIQUE : Cin√©ma

OBJET : A√Øcha 45 ans, Court-m√©trage ¬´ Soleil Blanc ¬ª

LIEU : France/Lyon

QUAND :  2017... https://t.co/RdEZjBepKx",Tue Jun 13 18:03:28 +0000 2017,castingsplus,Casting +,,,,http://fb.me/4F2Q8c9i3,,,,,,21523,0,915,fr,
